bytes,n_segments,cuda_time,skimage_time
4000000.0,1000.0,0.6970068430528045,1.5451351490337402
32000000.0,8000.0,1.1556762191466987,15.653272941010073
108000000.0,27000.0,3.7058569588698447,55.43925059819594
256000000.0,64000.0,8.321349135832861,133.05372969713062
500000000.0,125000.0,15.890481614042073,258.2608751738444
864000000.0,216000.0,27.228173766983673,456.2693797929678
1372000000.0,343000.0,43.76396116614342,758.0293691230472
