bytes,n_segments,cuda_time,skimage_time
4000000.0,1000.0,0.44528309209272265,1.539872449124232
32000000.0,8000.0,1.2221027719788253,15.521325767971575
108000000.0,27000.0,3.786123567027971,54.997019186848775
256000000.0,64000.0,8.693502302048728,131.64797396608628
500000000.0,125000.0,16.485330077121034,257.94771296111867
