bytes,cuda_time,skimage_time
500000.0,0.4208000497892499,0.1091217549983412
4000000.0,1.2960124081000686,1.0204777440521866
32000000.0,5.458812354132533,9.409614633070305
108000000.0,14.361384199000895,34.25353621505201
256000000.0,27.239470212021843,83.41411057696678
500000000.0,46.826427242020145,169.83380193216726
