bytes,cuda_time,skimage_time
500000.0,0.40360373305156827,0.10791245196014643
4000000.0,1.2998295871075243,1.017637130105868
32000000.0,5.4425449930131435,9.417819564929232
108000000.0,14.319922904018313,34.254743586992845
256000000.0,27.224542250158265,83.36189638497308
500000000.0,46.833043763181195,170.26073216600344
