bytes,n_segments,cuda_time,skimage_time
4000000.0,37037.03703703704,0.5440486499574035,1.1252875970676541
32000000.0,296296.2962962963,0.9209382550325245,9.376551117980853
108000000.0,1000000.0,2.6067792961839586,31.586791909998283
256000000.0,2370370.3703703703,5.672254547011107,74.62090133805759
500000000.0,4629629.62962963,10.72343894187361,147.36657660198398
