bytes,cuda_time,skimage_time
500000.0,0.4119133718777448,0.10831812908872962
4000000.0,1.3250023608561605,1.0118479991797358
32000000.0,5.3525492660701275,9.109355082036927
108000000.0,13.892125081969425,33.454197478014976
256000000.0,26.632689957972616,84.86443260987289
500000000.0,46.42908046604134,170.51711097802036
